{"UID": {"type": "interval", "missingratio": 0.0, "describe": {"count": 10000.0, "mean": 4999.5, "std": 2886.8956799071675, "min": 0.0, "25%": 2499.75, "50%": 4999.5, "75%": 7499.25, "max": 9999.0}}, "주거 형태": {"type": "nominal", "missingratio": 0.0, "describe": {"count": 10000, "unique": 4, "top": "월세", "freq": 4050}}, "연간 소득": {"type": "ratio", "missingratio": 0.0, "describe": {"count": 10000.0, "mean": 2163958.88415, "std": 1434429.6819599683, "min": 267621.0, "25%": 1311437.25, "50%": 1743222.75, "75%": 2447664.0, "max": 17229747.0}}, "현재 직장 근속 연수": {"type": "ordinal", "missingratio": 0.0, "describe": {"count": 10000, "unique": 10, "top": "10", "freq": 3828}}, "체납 세금 압류 횟수": {"type": "ratio", "missingratio": 0.0, "describe": {"count": 10000.0, "mean": 0.1993, "std": 0.7143042300401877, "min": 0.0, "25%": 0.0, "50%": 0.0, "75%": 0.0, "max": 7.0}}, "개설된 신용계좌 수": {"type": "ratio", "missingratio": 0.0, "describe": {"count": 10000.0, "mean": 12.2489, "std": 4.620571799937302, "min": 2.0, "25%": 9.0, "50%": 12.0, "75%": 15.0, "max": 35.0}}, "신용 거래 연수": {"type": "ratio", "missingratio": 0.0, "describe": {"count": 10000.0, "mean": 19.879360000000002, "std": 7.2066928360075995, "min": 6.0, "25%": 14.6, "50%": 17.95, "75%": 24.1, "max": 51.7}}, "최대 신용한도": {"type": "ratio", "missingratio": 0.0, "describe": {"count": 10000.0, "mean": 1175264.7378, "std": 1604199.2152022778, "min": 0.0, "25%": 448247.625, "50%": 767091.0, "75%": 1147282.875, "max": 23232333.0}}, "신용 문제 발생 횟수": {"type": "ratio", "missingratio": 0.0, "describe": {"count": 10000.0, "mean": 0.6262, "std": 1.23419037534258, "min": 0.0, "25%": 0.0, "50%": 0.0, "75%": 1.0, "max": 7.0}}, "마지막 연체 이후 경과 개월 수": {"type": "ratio", "missingratio": 0.0, "describe": {"count": 10000.0, "mean": 30.8892, "std": 20.01156089906436, "min": 0.0, "25%": 14.0, "50%": 28.0, "75%": 41.0, "max": 88.0}}, "개인 파산 횟수": {"type": "ordinal", "missingratio": 0.0, "describe": {"count": 10000.0, "mean": 0.3732, "std": 0.843796752361568, "min": 0.0, "25%": 0.0, "50%": 0.0, "75%": 0.0, "max": 3.0}}, "대출 목적": {"type": "nominal", "missingratio": 0.0, "describe": {"count": 10000, "unique": 14, "top": "부채 통합", "freq": 7294}}, "대출 상환 기간": {"type": "nominal", "missingratio": 0.0, "describe": {"count": 10000, "unique": 2, "top": "단기 상환", "freq": 6975}}, "현재 대출 잔액": {"type": "ratio", "missingratio": 0.0, "describe": {"count": 10000.0, "mean": 506120.0004, "std": 283146.23273463757, "min": 29176.5, "25%": 300190.125, "50%": 474341.25, "75%": 591907.875, "max": 1373613.0}}, "현재 미상환 신용액": {"type": "ratio", "missingratio": 0.0, "describe": {"count": 10000.0, "mean": 364912.6176, "std": 353794.16066855536, "min": 0.0, "25%": 147185.625, "50%": 254793.0, "75%": 474918.0, "max": 3946300.5}}, "월 상환 부채액": {"type": "ratio", "missingratio": 0.0, "describe": {"count": 10000.0, "mean": 22367.28075, "std": 15186.497380119356, "min": 0.0, "25%": 10893.75, "50%": 20160.0, "75%": 30647.25, "max": 153574.5}}, "신용 점수": {"type": "interval", "missingratio": 0.0, "describe": {"count": 10000.0, "mean": 744.215, "std": 56.99569831103569, "min": 502.0, "25%": 704.0, "50%": 756.0, "75%": 793.0, "max": 825.0}}, "채무 불이행 여부": {"type": "nominal", "missingratio": 0.0, "describe": {"count": 10000, "unique": 2, "top": "0", "freq": 6588}}}